菜单全路径	页面URL	类型	配置来源	接口
我的工作台（专家） / 用户中心 / 我的服务关系	/expertMgt/index.html#/dynamicPage/professor/myservices	动态页	/obs/json/plateform/professor/myservices	/c/business/professor/professorInfo/pageList_services /c/business/ubm/dict/query
我的工作台（专家） / 用户中心 / 我的邀请	/expertMgt/index.html#/dynamicPage/invite/myselfReport	动态页	/obs/json/plateform/invite/myselfReport	/c/business/plateform/inviteService/selectPage_professor
我的工作台（企业端） / 专家|监标人管理 / 专家维护列表	/expertMgt/index.html#/dynamicPage/professorMgt/company	动态页	/obs/json/plateform/professorMgt/company	/c/business/professor/professorInfo/queryProfessorPageNew /c/business/ubm/dict/query
我的工作台（企业端） / 专家|监标人管理 / 外部专家邀请	/expertMgt/index.html#/dynamicPage/invite/professor	动态页	/obs/json/plateform/invite/professor	/c/business/plateform/inviteService/selectPage_professor /c/business/ubm/dict/query
我的工作台（企业端） / 国招平台信息录入 / 国招平台信息发布	/procurementScheme/index.html#/dynamicPage/source/cebpubserviceMgt	动态页	/obs/json/plateform/source/cebpubserviceMgt	/c/business/ubm/dict/query /e/business/source/cebpubservice/queryPageList
我的工作台（企业端） / 国招平台信息录入 / 国招平台信息查询	/procurementScheme/index.html#/dynamicPage/source/cebpubservice	动态页	/obs/json/plateform/source/cebpubservice	/c/business/ubm/dict/query /e/business/source/cebpubservice/queryPageListForReport
我的工作台（企业端） / 平台管理 / JSON管理	/platform/index.html#/dynPage/staticdataCategory/tree	动态页	/obs/json/plateform/staticdataCategory/tree	/c/business/plateform/staticdata/copy /c/business/plateform/staticdata/delete /c/business/plateform/staticdata/enable /c/business/plateform/staticdata/insert /c/business/plateform/staticdata/query /c/business/plateform/staticdata/selectPage /c/business/plateform/staticdata/unable /c/business/plateform/staticdata/update /c/business/plateform/staticdataCategory/addStaticdataCategory /c/business/plateform/staticdataCategory/copy /c/business/plateform/staticdataCategory/enable /c/business/plateform/staticdataCategory/getStaticdataCategoryDetail /c/business/plateform/staticdataCategory/getStaticdataCategoryTree /c/business/plateform/staticdataCategory/modifyStaticdataCategory /c/business/plateform/staticdataCategory/removeStaticdataCategory /c/business/plateform/staticdataCategory/unable
我的工作台（企业端） / 报表查询 / 业务公示及时性统计表	/procurementScheme/index.html#/reportForms/sourceNotice	报表页	路由参数拼接口名	/e/business/report/source/headList_sourceNotice /e/business/report/source/agghead_sourceNotice /e/business/report/source/aggregation_sourceNotice /e/business/report/source/download_sourceNotice
我的工作台（企业端） / 报表查询 / 业务数量及金额统计表	/procurementScheme/index.html#/reportForms/source	报表页	路由参数拼接口名	/e/business/report/source/headList_source /e/business/report/source/agghead_source /e/business/report/source/aggregation_source /e/business/report/source/download_source
我的工作台（企业端） / 报表查询 / 业务状态统计表	/procurementScheme/index.html#/reportForms/sourcePublish	报表页	路由参数拼接口名	/e/business/report/source/headList_sourcePublish /e/business/report/source/agghead_sourcePublish /e/business/report/source/aggregation_sourcePublish /e/business/report/source/download_sourcePublish
我的工作台（企业端） / 报表查询 / 业务的供应商参与个数统计表	/procurementScheme/index.html#/reportForms/sourceSupplier	报表页	路由参数拼接口名	/e/business/report/source/headList_sourceSupplier /e/business/report/source/agghead_sourceSupplier /e/business/report/source/aggregation_sourceSupplier /e/business/report/source/download_sourceSupplier
我的工作台（企业端） / 报表查询 / 供应商参与企业业务统计表	/procurementScheme/index.html#/reportForms/supplier	报表页	路由参数拼接口名	/e/business/report/source/headList_supplier /e/business/report/source/agghead_supplier /e/business/report/source/aggregation_supplier /e/business/report/source/download_supplier
我的工作台（企业端） / 报表查询 / 供应商参与企业业务统计表New	/procurementScheme/index.html#/dynamicReportPage/report/supplierNew	动态页	/obs/json/plateform/report/supplierNew	/c/business/ubm/dict/query /e/business/report/source/aggregation_supplierNew /e/business/report/source/autoComplate_supplierNew /e/business/report/source/pageListAgg_supplierNew
我的工作台（企业端） / 报表查询 / 供应商审核情况统计表	/procurementScheme/index.html#/supplierReportForms/srmApply	报表页	路由参数拼接口名	/e/business/report/source/headList_srmApply /e/business/report/source/agghead_srmApply /e/business/report/source/aggregation_srmApply /e/business/report/source/download_srmApply
我的工作台（企业端） / 报表查询 / 供应商审核情况统计表	/procurementScheme/index.html#/dynamicReportPage/report/srmApplynew	动态页	/obs/json/plateform/report/srmApplynew	/c/business/ubm/dict/query /e/business/report/srm/aggregation_srmApplyNew /e/business/report/srm/autoComplate_srmApplyNew /e/business/report/srm/pageListAgg_srmApplyNew
我的工作台（企业端） / 报表查询 / 历史价格对比统计表	/procurementScheme/index.html#/reportForms/sourceHistoryPrice	报表页	路由参数拼接口名	/e/business/report/source/headList_sourceHistoryPrice /e/business/report/source/agghead_sourceHistoryPrice /e/business/report/source/aggregation_sourceHistoryPrice /e/business/report/source/download_sourceHistoryPrice
我的工作台（企业端） / 报表查询 / 四家平台采购业务统计报表	/procurementScheme/index.html#/reportForms/sourceDc	报表页	路由参数拼接口名	/e/business/report/source/headList_sourceDc /e/business/report/source/agghead_sourceDc /e/business/report/source/aggregation_sourceDc /e/business/report/source/download_sourceDc
我的工作台（企业端） / 报表查询 / 国招平台信息报表	/procurementScheme/index.html#/reportForms/cebPub	报表页	路由参数拼接口名	/e/business/report/source/headList_cebPub /e/business/report/source/agghead_cebPub /e/business/report/source/aggregation_cebPub /e/business/report/source/download_cebPub
我的工作台（企业端） / 报表查询 / 新入驻供应商参与业务统计表	/procurementScheme/index.html#/reportForms/sourceNewPartake	报表页	路由参数拼接口名	/e/business/report/source/headList_sourceNewPartake /e/business/report/source/agghead_sourceNewPartake /e/business/report/source/aggregation_sourceNewPartake /e/business/report/source/download_sourceNewPartake
我的工作台（企业端） / 报表查询 / 物料业务方式统计表	/procurementScheme/index.html#/reportForms/product	报表页	路由参数拼接口名	/e/business/report/source/headList_product /e/business/report/source/agghead_product /e/business/report/source/aggregation_product /e/business/report/source/download_product
我的工作台（企业端） / 报表查询 / 物料业务方式统计表New	/procurementScheme/index.html#/dynamicReportPage/report/productNew	动态页	/obs/json/plateform/report/productNew	/c/business/ubm/dict/query /e/business/report/source/aggregation_productNew /e/business/report/source/autoComplate_productNew /e/business/report/source/pageListAgg_productNew
我的工作台（企业端） / 报表查询 / 物料价格走势分析表	/procurementScheme/index.html#/dynamicPage/report/productPrice	动态页	/obs/json/plateform/report/productPrice	/e/business/report/source/aggComapny_productPrice /e/business/report/source/pageListAgg_productPrice
我的工作台（企业端） / 报表查询 / 签约情况统计表	/procurementScheme/index.html#/reportForms/sourceSigning	报表页	路由参数拼接口名	/e/business/report/source/headList_sourceSigning /e/business/report/source/agghead_sourceSigning /e/business/report/source/aggregation_sourceSigning /e/business/report/source/download_sourceSigning
我的工作台（企业端） / 报表查询 / 采购公告期限分析表	/procurementScheme/index.html#/reportForms/sourceLimit	报表页	路由参数拼接口名	/e/business/report/source/headList_sourceLimit /e/business/report/source/agghead_sourceLimit /e/business/report/source/aggregation_sourceLimit /e/business/report/source/download_sourceLimit
我的工作台（企业端） / 报表查询 / 集采物资报表查询	/procurementScheme/index.html#/dynamicPage/report/collectionProduct	动态页	/obs/json/plateform/report/collectionProduct	/c/business/ubm/dict/query /e/business/report/source/aggComapny_collectionProduct /e/business/report/source/pageListAgg_collectionProduct
我的工作台（企业端） / 报表查询 / 集采管理业务统计报表	/procurementScheme/index.html#/reportForms/centralizedProcurement	报表页	路由参数拼接口名	/e/business/report/source/headList_centralizedProcurement /e/business/report/source/agghead_centralizedProcurement /e/business/report/source/aggregation_centralizedProcurement /e/business/report/source/download_centralizedProcurement
我的工作台（企业端） / 报表查询 / 非平台业务统计表	/procurementScheme/index.html#/reportForms/sourceFpt	报表页	路由参数拼接口名	/e/business/report/source/headList_sourceFpt /e/business/report/source/agghead_sourceFpt /e/business/report/source/aggregation_sourceFpt /e/business/report/source/download_sourceFpt
我的工作台（企业端） / 报表查询 / 高于历史价格采购统计表	/procurementScheme/index.html#/reportForms/resultHistoryPrice	报表页	路由参数拼接口名	/e/business/report/source/headList_resultHistoryPrice /e/business/report/source/agghead_resultHistoryPrice /e/business/report/source/aggregation_resultHistoryPrice /e/business/report/source/download_resultHistoryPrice
我的工作台（企业端） / 运维中心 / 操作日志	/expertMgt/index.html#/dynamicPage/oper/log	动态页	/obs/json/plateform/oper/log	/c/business/plateform/userOperLog/query /c/business/ubm/dict/query
我的工作台（企业端） / 采购寻源 / 非平台采购业务查询	/procurementScheme/index.html#/dynamicPage/source/fpt	动态页	/obs/json/plateform/source/fpt	/c/business/ubm/dict/query /e/business/source/greenChannel/queryGreenChannelListFtp
