菜单全路径	页面URL	上下文	路由	仓库	路由定义	组件文件	备注
我的工作台（专家） / 专家评审 / 评审响应	/bidEvaluationt/index.html#/bidEvaluationt/taskList	bidEvaluationt	/bidEvaluationt/taskList	scm-vue-all-bidevaluation	scm-vue-all-bidevaluation/src/router/routers.js:93	scm-vue-all-bidevaluation/src/views/Task/index.vue	
我的工作台（专家） / 专家评审 / 项目评审	/bidEvaluationt/index.html#/bidEvaluationt/evaluatedList	bidEvaluationt	/bidEvaluationt/evaluatedList	scm-vue-all-bidevaluation	scm-vue-all-bidevaluation/src/router/routers.js:20	scm-vue-all-bidevaluation/src/views/evaluatedList/index.vue	
我的工作台（专家） / 工作台	/workbench/index.html#/	workbench	/	scm-vue-all-workbench			
我的工作台（专家） / 用户中心 / 1	/ismp/index.html#/page	ismp	/page	scm-vue-all-ismp			本地前端仓没有这条路由：仓没克隆，或当前分支不含该页面
我的工作台（专家） / 用户中心 / 2	/ismp/index.html#/page1	ismp	/page1	scm-vue-all-ismp	scm-vue-all-ismp/src/router/index.js:38	scm-vue-all-ismp/src/views/page1.vue	
我的工作台（专家） / 用户中心 / 3	/ismp/index.html#/page2	ismp	/page2	scm-vue-all-ismp	scm-vue-all-ismp/src/router/index.js:49		
我的工作台（专家） / 用户中心 / 专家档案维护	/bidEvaluationt/index.html#/expertArchivesMgt	bidEvaluationt	/expertArchivesMgt	scm-vue-all-bidevaluation	scm-vue-all-bidevaluation/src/router/routers.js:103	scm-vue-all-bidevaluation/src/views/expertArchivesMgt/index.vue	
我的工作台（专家） / 用户中心 / 我的服务关系	/expertMgt/index.html#/dynamicPage/professor/myservices	expertMgt	/dynamicPage/professor/myservices	scm-vue-all/scm-vue-expertMgt			本地前端仓没有这条路由：仓没克隆，或当前分支不含该页面；仓库是按名字猜的
我的工作台（专家） / 用户中心 / 我的邀请	/expertMgt/index.html#/dynamicPage/invite/myselfReport	expertMgt	/dynamicPage/invite/myselfReport	scm-vue-all/scm-vue-expertMgt			本地前端仓没有这条路由：仓没克隆，或当前分支不含该页面；仓库是按名字猜的
我的工作台（企业端） / 专家|监标人管理 / 专家抽取	/expertMgt/index.html#/ExpertMgt/ExpertExtraction	expertMgt	/ExpertMgt/ExpertExtraction	scm-vue-all/scm-vue-expertMgt			本地前端仓没有这条路由：仓没克隆，或当前分支不含该页面；仓库是按名字猜的
我的工作台（企业端） / 专家|监标人管理 / 专家查询列表	/expertMgt/index.html#/dynamicMultipleTabs/professorMgt/queryDicts	expertMgt	/dynamicMultipleTabs/professorMgt/queryDicts	scm-vue-all/scm-vue-expertMgt			本地前端仓没有这条路由：仓没克隆，或当前分支不含该页面；仓库是按名字猜的
我的工作台（企业端） / 专家|监标人管理 / 专家维护列表	/expertMgt/index.html#/dynamicPage/professorMgt/company	expertMgt	/dynamicPage/professorMgt/company	scm-vue-all/scm-vue-expertMgt			本地前端仓没有这条路由：仓没克隆，或当前分支不含该页面；仓库是按名字猜的
我的工作台（企业端） / 专家|监标人管理 / 外部专家邀请	/expertMgt/index.html#/dynamicPage/invite/professor	expertMgt	/dynamicPage/invite/professor	scm-vue-all/scm-vue-expertMgt			本地前端仓没有这条路由：仓没克隆，或当前分支不含该页面；仓库是按名字猜的
我的工作台（企业端） / 专家|监标人管理 / 监标人列表	/expertMgt/index.html#/BidSup/insert	expertMgt	/BidSup/insert	scm-vue-all/scm-vue-expertMgt			本地前端仓没有这条路由：仓没克隆，或当前分支不含该页面；仓库是按名字猜的
我的工作台（企业端） / 专家|监标人管理 / 监标任务	/procurementScheme/index.html#/bidSup/task	procurementScheme	/bidSup/task	scm-vue-all-procurementscheme	scm-vue-all-procurementscheme/src/router/index.js:551	scm-vue-all-procurementscheme/src/views/bidSup/index.vue	
我的工作台（企业端） / 专家|监标人管理 / 设置监标人	/expertMgt/index.html#/setBidSup/list	expertMgt	/setBidSup/list	scm-vue-all/scm-vue-expertMgt			本地前端仓没有这条路由：仓没克隆，或当前分支不含该页面；仓库是按名字猜的
我的工作台（企业端） / 专家评审 / 评审模版	/procurementScheme/index.html#/reviewTemplate	procurementScheme	/reviewTemplate	scm-vue-all-procurementscheme	scm-vue-all-procurementscheme/src/router/index.js:529	scm-vue-all-procurementscheme/src/views/reviewTemplate/index.vue	
我的工作台（企业端） / 业务预警 / 业务预警列表	/enterprise/index.html#/supplierWarn	enterprise	/supplierWarn	scm-vue-all-emp	scm-vue-all-emp/src/router/index.js:952	scm-vue-all-emp/src/views/warningMgt/supplierWarn/index.vue	
我的工作台（企业端） / 企业中心 / 1	/ismp/index.html#/	ismp	/	scm-vue-all-ismp			
我的工作台（企业端） / 企业中心 / 招标代理机构维护	/enterprise/index.html#/biddingAgency	enterprise	/biddingAgency	scm-vue-all-emp	scm-vue-all-emp/src/router/index.js:935	scm-vue-all-emp/src/views/biddingAgency/index.vue	
我的工作台（企业端） / 企业中心 / 招采监管信息维护	/configMgt/index.html#/winningDepartmentConfig/winningDepartmentList	configMgt	/winningDepartmentConfig/winningDepartmentList	scm-vue-all-configmgt	scm-vue-all-configmgt/src/router/index.js:60	scm-vue-all-configmgt/src/views/winningDepartmentConfig/winningDepartmentList/list.vue	
我的工作台（企业端） / 企业中心 / 收货地址管理	/configMgt/index.html#/buyerCenter/receivingAddress	configMgt	/buyerCenter/receivingAddress	scm-vue-all-configmgt	scm-vue-all-configmgt/src/router/index.js:98	scm-vue-all-configmgt/src/views/ReceivingAddress/index.vue	
我的工作台（企业端） / 企业中心 / 采购组配置	/mdm/index.html#/mdm/purchaseGroupConfig	mdm	/mdm/purchaseGroupConfig	scm-vue-all-mdm	scm-vue-all-mdm/src/router/index.js:85	scm-vue-all-mdm/src/views/purchaseGroupConfig/index.vue	
我的工作台（企业端） / 企业中心 / 银行收款信息维护	/configMgt/index.html#/bankCollectionMaintenance/bankCollectionMaintenanceList	configMgt	/bankCollectionMaintenance/bankCollectionMaintenanceList	scm-vue-all-configmgt	scm-vue-all-configmgt/src/router/index.js:86	scm-vue-all-configmgt/src/views/bankCollectionMaintenance/list.vue	
我的工作台（企业端） / 供应商管理 / 供应商信息管理	/ubm/index.html#/supplierInfoMan	ubm	/supplierInfoMan	scm-vue-all-ubm	scm-vue-all-ubm/src/router/index.js:185		
我的工作台（企业端） / 供应商管理 / 供应商冻结列表查询	/enterprise/index.html#/supplierFreeze/list	enterprise	/supplierFreeze/list	scm-vue-all-emp	scm-vue-all-emp/src/router/index.js:735	scm-vue-all-emp/src/views/supplierFreeze/freezeList/list.vue	
我的工作台（企业端） / 供应商管理 / 供应商冻结申请	/enterprise/index.html#/supplierFreeze	enterprise	/supplierFreeze	scm-vue-all-emp	scm-vue-all-emp/src/router/index.js:721	scm-vue-all-emp/src/views/supplierFreeze/freeze/index.vue	
我的工作台（企业端） / 供应商管理 / 供应商列表查询	/enterprise/index.html#/supplierManger/mangerList	enterprise	/supplierManger/mangerList	scm-vue-all-emp	scm-vue-all-emp/src/router/index.js:16	scm-vue-all-emp/src/views/supplierManger/MangerList.vue	
我的工作台（企业端） / 供应商管理 / 供应商拉黑申请	/enterprise/index.html#/supplierBlackout	enterprise	/supplierBlackout	scm-vue-all-emp	scm-vue-all-emp/src/router/index.js:647	scm-vue-all-emp/src/views/supplierBlackout/index.vue	
我的工作台（企业端） / 供应商管理 / 供应商整改反馈查看	/enterprise/index.html#/supplierFreeze/rectification	enterprise	/supplierFreeze/rectification	scm-vue-all-emp	scm-vue-all-emp/src/router/index.js:767	scm-vue-all-emp/src/views/supplierFreeze/rectification/index.vue	
我的工作台（企业端） / 供应商管理 / 供应商等级查看	/enterprise/index.html#/evaluationLevel	enterprise	/evaluationLevel	scm-vue-all-emp	scm-vue-all-emp/src/router/index.js:882	scm-vue-all-emp/src/views/supplierEvaluateMgt/evaluationLevel/index.vue	
我的工作台（企业端） / 供应商管理 / 供应商评价模板	/enterprise/index.html#/evaluateTemplate	enterprise	/evaluateTemplate	scm-vue-all-emp	scm-vue-all-emp/src/router/index.js:804	scm-vue-all-emp/src/views/supplierEvaluateMgt/evaluateTemplate/index.vue	
我的工作台（企业端） / 供应商管理 / 供应商评价等级配置	/enterprise/index.html#/evaluationLevel/add	enterprise	/evaluationLevel/add	scm-vue-all-emp	scm-vue-all-emp/src/router/index.js:875	scm-vue-all-emp/src/views/supplierEvaluateMgt/evaluationLevel/add.vue	
我的工作台（企业端） / 供应商管理 / 供应商黑名单操作日志	/enterprise/index.html#/supplierBlackout/removeBlackLog	enterprise	/supplierBlackout/removeBlackLog	scm-vue-all-emp	scm-vue-all-emp/src/router/index.js:928	scm-vue-all-emp/src/views/supplierBlackout/removeBlackLog/index.vue	
我的工作台（企业端） / 供应商管理 / 在线评分	/enterprise/index.html#/supplierScore	enterprise	/supplierScore	scm-vue-all-emp	scm-vue-all-emp/src/router/index.js:848	scm-vue-all-emp/src/views/supplierEvaluateMgt/supplierScore/index.vue	
我的工作台（企业端） / 供应商管理 / 评价任务	/enterprise/index.html#/supplierEvaluateMgt	enterprise	/supplierEvaluateMgt	scm-vue-all-emp	scm-vue-all-emp/src/router/index.js:821	scm-vue-all-emp/src/views/supplierEvaluateMgt/supplierEvaluate/index.vue	
我的工作台（企业端） / 供应商管理 / 黑名单列表查询	/enterprise/index.html#/supplierBlackout/blackList	enterprise	/supplierBlackout/blackList	scm-vue-all-emp	scm-vue-all-emp/src/router/index.js:668	scm-vue-all-emp/src/views/supplierBlackout/blackList/index.vue	
我的工作台（企业端） / 供应商管理 / 黑名单解除申请	/enterprise/index.html#/supplierBlackout/removeBlackList	enterprise	/supplierBlackout/removeBlackList	scm-vue-all-emp	scm-vue-all-emp/src/router/index.js:896	scm-vue-all-emp/src/views/supplierBlackout/removeBlackList/index.vue	
我的工作台（企业端） / 合同协议 / 合同协议管理	/contractAgreementMgt/index.html#/contractMaintenance	contractAgreementMgt	/contractMaintenance	scm-vue-all-contractagreementmgt	scm-vue-all-contractagreementmgt/src/router/index.js:63	scm-vue-all-contractagreementmgt/src/views/contractMaintenance/index.vue	
我的工作台（企业端） / 合同协议 / 框架合同录入	/contractAgreementMgt/index.html#/contractEntry	contractAgreementMgt	/contractEntry	scm-vue-all-contractagreementmgt	scm-vue-all-contractagreementmgt/src/router/index.js:13	scm-vue-all-contractagreementmgt/src/views/contractEntry/index.vue	
我的工作台（企业端） / 合同推送 / 合同推送OA	/procurementScheme/index.html#/contractPush	procurementScheme	/contractPush	scm-vue-all-procurementscheme	scm-vue-all-procurementscheme/src/router/index.js:438	scm-vue-all-procurementscheme/src/views/contractPush/index.vue	
我的工作台（企业端） / 合同推送 / 合同推送商城	/productMgt/index.html#/contractPushMall	productMgt	/contractPushMall	scm-vue-all-productmgt	scm-vue-all-productmgt/src/router/index.js:286	scm-vue-all-productmgt/src/views/contractPushMall/index.vue	
我的工作台（企业端） / 合同推送 / 合同推送撤销	/procurementScheme/index.html#/contractPushDelete	procurementScheme	/contractPushDelete	scm-vue-all-procurementscheme	scm-vue-all-procurementscheme/src/router/index.js:452	scm-vue-all-procurementscheme/src/views/contractPushDelete/index.vue	
我的工作台（企业端） / 国招平台信息录入 / 国招平台信息发布	/procurementScheme/index.html#/dynamicPage/source/cebpubserviceMgt	procurementScheme	/dynamicPage/:module/:type	scm-vue-all-procurementscheme	scm-vue-all-procurementscheme/src/router/index.js:650	scm-vue-all-procurementscheme/src/views/dynamicPage/index.vue	动态页(壳子路由,页面内容由后端JSON配置决定)
我的工作台（企业端） / 国招平台信息录入 / 国招平台信息查询	/procurementScheme/index.html#/dynamicPage/source/cebpubservice	procurementScheme	/dynamicPage/:module/:type	scm-vue-all-procurementscheme	scm-vue-all-procurementscheme/src/router/index.js:650	scm-vue-all-procurementscheme/src/views/dynamicPage/index.vue	动态页(壳子路由,页面内容由后端JSON配置决定)
我的工作台（企业端） / 审批待办 / 专家抽取审批	/procurementScheme/index.html#/approveMgt/expertExtraction	procurementScheme	/approveMgt/expertExtraction	scm-vue-all-procurementscheme	scm-vue-all-procurementscheme/src/router/index.js:408	scm-vue-all-procurementscheme/src/views/approveMgt/expertExtraction/list.vue	
我的工作台（企业端） / 审批待办 / 供应商产品目录变更审批	/enterprise/index.html#/SupplierAccess/changeProduct	enterprise	/SupplierAccess/changeProduct	scm-vue-all-emp	scm-vue-all-emp/src/router/index.js:89	scm-vue-all-emp/src/views/SupplierAccess/changeProduct/list.vue	
我的工作台（企业端） / 审批待办 / 供应商入围审批	/procurementScheme/index.html#/approveMgt/SupplierShortlistReview	procurementScheme	/approveMgt/SupplierShortlistReview	scm-vue-all-procurementscheme	scm-vue-all-procurementscheme/src/router/index.js:374	scm-vue-all-procurementscheme/src/views/approveMgt/SupplierShortlistReview/index.vue	
我的工作台（企业端） / 审批待办 / 供应商入网审批	/enterprise/index.html#/SupplierAccess/networkExamine	enterprise	/SupplierAccess/networkExamine	scm-vue-all-emp	scm-vue-all-emp/src/router/index.js:71	scm-vue-all-emp/src/views/SupplierAccess/networkExamine/NetworkExamine.vue	
我的工作台（企业端） / 审批待办 / 供应商冻结审批	/enterprise/index.html#/supplierFreeze/approve	enterprise	/supplierFreeze/approve	scm-vue-all-emp	scm-vue-all-emp/src/router/index.js:750	scm-vue-all-emp/src/views/supplierFreeze/freezeApprove/index.vue	
我的工作台（企业端） / 审批待办 / 供应商基本信息变更审批	/enterprise/index.html#/SupplierAccess/changeBasicList	enterprise	/SupplierAccess/changeBasicList	scm-vue-all-emp	scm-vue-all-emp/src/router/index.js:108	scm-vue-all-emp/src/views/SupplierAccess/changeBasic/list.vue	
我的工作台（企业端） / 审批待办 / 供应商拉黑审批	/enterprise/index.html#/supplierBlackout/approve	enterprise	/supplierBlackout/approve	scm-vue-all-emp	scm-vue-all-emp/src/router/index.js:689	scm-vue-all-emp/src/views/supplierBlackout/approve/index.vue	
我的工作台（企业端） / 审批待办 / 供应商整改反馈审批	/enterprise/index.html#/supplierThaw	enterprise	/supplierThaw	scm-vue-all-emp	scm-vue-all-emp/src/router/index.js:787	scm-vue-all-emp/src/views/supplierFreeze/supplierThaw/index.vue	
我的工作台（企业端） / 审批待办 / 供应商自动拉黑审批	/enterprise/index.html#/supplierBlackout/tempApprove	enterprise	/supplierBlackout/tempApprove	scm-vue-all-emp	scm-vue-all-emp/src/router/index.js:705	scm-vue-all-emp/src/views/supplierBlackout/tempApprove/index.vue	
我的工作台（企业端） / 审批待办 / 供应商解除拉黑审批	/enterprise/index.html#/supplierBlackout/removeApprove	enterprise	/supplierBlackout/removeApprove	scm-vue-all-emp	scm-vue-all-emp/src/router/index.js:910	scm-vue-all-emp/src/views/supplierBlackout/removeApprove/index.vue	
我的工作台（企业端） / 审批待办 / 保证金/标书费审批	/procurementScheme/index.html#/dynamicMultipleTabs/source/costpayqudicts	procurementScheme	/dynamicMultipleTabs/:module/:type	scm-vue-all-procurementscheme	scm-vue-all-procurementscheme/src/router/index.js:644	scm-vue-all-procurementscheme/src/views/dynamicMultipleTabs/index.vue	动态页(壳子路由,页面内容由后端JSON配置决定)
我的工作台（企业端） / 审批待办 / 保证金审批	/procurementScheme/index.html#/approveMgt/enrollManage	procurementScheme	/approveMgt/enrollManage	scm-vue-all-app	scm-vue-all-app/src/router/index.js:106	scm-vue-all-app/src/views/approveMgt/enrollManage/index.vue	
我的工作台（企业端） / 审批待办 / 合同协议审批	/contractAgreementMgt/index.html#/contractAgreementApproval	contractAgreementMgt	/contractAgreementApproval	scm-vue-all-contractagreementmgt	scm-vue-all-contractagreementmgt/src/router/index.js:35	scm-vue-all-contractagreementmgt/src/views/contractAgreementApproval/index.vue	
我的工作台（企业端） / 审批待办 / 定标方案审批	/procurementScheme/index.html#/approveMgt/calibrationScheme	procurementScheme	/approveMgt/calibrationScheme	scm-vue-all-procurementscheme	scm-vue-all-procurementscheme/src/router/index.js:394	scm-vue-all-procurementscheme/src/views/approveMgt/calibrationScheme/index.vue	
我的工作台（企业端） / 审批待办 / 延期公告审批	/procurementScheme/index.html#/approveMgt/extensionApproval	procurementScheme	/approveMgt/extensionApproval	scm-vue-all-app	scm-vue-all-app/src/router/index.js:96	scm-vue-all-app/src/views/approveMgt/extensionApproval/index.vue	
我的工作台（企业端） / 审批待办 / 标书费审批	/procurementScheme/index.html#/approveMgt/responseManage	procurementScheme	/approveMgt/responseManage	scm-vue-all-procurementscheme	scm-vue-all-procurementscheme/src/router/index.js:283	scm-vue-all-procurementscheme/src/views/approveMgt/responseManage/responseManage.vue	
我的工作台（企业端） / 审批待办 / 澄清公告审批	/procurementScheme/index.html#/approveMgt/clarifyNotice	procurementScheme	/approveMgt/clarifyNotice	scm-vue-all-procurementscheme	scm-vue-all-procurementscheme/src/router/index.js:360	scm-vue-all-procurementscheme/src/views/approveMgt/clarifyNotice/index.vue	
我的工作台（企业端） / 审批待办 / 终止公告审批	/procurementScheme/index.html#/approveMgt/applyCloseApproval	procurementScheme	/approveMgt/applyCloseApproval	scm-vue-all-procurementscheme	scm-vue-all-procurementscheme/src/router/index.js:335	scm-vue-all-procurementscheme/src/views/approveMgt/applyTermination/index.vue	
我的工作台（企业端） / 审批待办 / 采购方案审批	/procurementScheme/index.html#/approveMgt/purchaseSchemeApproval	procurementScheme	/approveMgt/purchaseSchemeApproval	scm-vue-all-app	scm-vue-all-app/src/router/index.js:76	scm-vue-all-app/src/views/approveMgt/purchaseSchemeApproval.vue	
我的工作台（企业端） / 审批待办 / 采购计划审批	/planMgt/index.html#/purchasePlan/purchaseApproveIndex	planMgt	/purchasePlan/purchaseApproveIndex	scm-vue-all-plan	scm-vue-all-plan/src/router/index.js:90	scm-vue-all-plan/src/views/purchaseApprove/index.vue	
我的工作台（企业端） / 审批待办 / 非平台采购业务审核	/procurementScheme/index.html#/approveMgt/increasedListApprove	procurementScheme	/approveMgt/increasedListApprove	scm-vue-all-procurementscheme	scm-vue-all-procurementscheme/src/router/index.js:520	scm-vue-all-procurementscheme/src/views/supplier/approve/index.vue	
我的工作台（企业端） / 平台管理 / JSON管理	/platform/index.html#/dynPage/staticdataCategory/tree	platform	/dynPage/staticdataCategory/tree	scm-vue-all-platform			本地前端仓没有这条路由：仓没克隆，或当前分支不含该页面
我的工作台（企业端） / 平台管理 / MQ日志查询	/platform/index.html#/mqLog/list	platform	/mqLog/list	scm-vue-all-platform	scm-vue-all-platform/src/router/index.js:184	scm-vue-all-platform/src/views/mqLog/index.vue	
我的工作台（企业端） / 平台管理 / MQ配置管理	/platform/index.html#/mqConfig/list	platform	/mqConfig/list	scm-vue-all-platform	scm-vue-all-platform/src/router/index.js:200	scm-vue-all-platform/src/views/mqConfig/index.vue	
我的工作台（企业端） / 平台管理 / 内容发布管理	/platform/index.html#/cms/list	platform	/cms/list	scm-vue-all-platform	scm-vue-all-platform/src/router/index.js:15	scm-vue-all-platform/src/views/cms/index.vue	
我的工作台（企业端） / 平台管理 / 图片管理	/platform/index.html#/imgs/list	platform	/imgs/list	scm-vue-all-platform	scm-vue-all-platform/src/router/index.js:38	scm-vue-all-platform/src/views/imgsMgt/index.vue	
我的工作台（企业端） / 平台管理 / 导出模板管理	/platform/index.html#/xlsMsg/list	platform	/xlsMsg/list	scm-vue-all-platform	scm-vue-all-platform/src/router/index.js:146	scm-vue-all-platform/src/views/xlsMgt/index.vue	
我的工作台（企业端） / 平台管理 / 操作日志查询	/platform/index.html#/actionLog/list	platform	/actionLog/list	scm-vue-all-platform	scm-vue-all-platform/src/router/index.js:177	scm-vue-all-platform/src/views/actionLog/index.vue	
我的工作台（企业端） / 平台管理 / 日历设置	/platform/index.html#/calendar	platform	/calendar	scm-vue-all-platform	scm-vue-all-platform/src/router/index.js:224	scm-vue-all-platform/src/views/calendar/Calendar.vue	
我的工作台（企业端） / 平台管理 / 日志管理	/platform/index.html#/log/list	platform	/log/list	scm-vue-all-platform	scm-vue-all-platform/src/router/index.js:61	scm-vue-all-platform/src/views/log/index.vue	
我的工作台（企业端） / 平台管理 / 注册协议管理	/platform/index.html#/notice/agreementMgt	platform	/notice/agreementMgt	scm-vue-all-platform	scm-vue-all-platform/src/router/index.js:76	scm-vue-all-platform/src/views/notice/list.vue	
我的工作台（企业端） / 平台管理 / 注册协议订单签订列表	/platform/index.html#/notice/agreementSignList	platform	/notice/agreementSignList	scm-vue-all-platform	scm-vue-all-platform/src/router/index.js:100	scm-vue-all-platform/src/views/agreementSignList/list.vue	
我的工作台（企业端） / 平台管理 / 短信验证码查询	/platform/index.html#/verifyCode/list	platform	/verifyCode/list	scm-vue-all-platform	scm-vue-all-platform/src/router/index.js:169	scm-vue-all-platform/src/views/verifyCode/index.vue	
我的工作台（企业端） / 平台管理 / 静态文件管理	/platform/index.html#/statics/list	platform	/statics/list	scm-vue-all-platform	scm-vue-all-platform/src/router/index.js:115	scm-vue-all-platform/src/views/statics/index.vue	
我的工作台（企业端） / 报表查询 / 业务公示及时性统计表	/procurementScheme/index.html#/reportForms/sourceNotice	procurementScheme	/reportForms/:purchaseRepot	scm-vue-all-procurementscheme	scm-vue-all-procurementscheme/src/router/index.js:463	scm-vue-all-procurementscheme/src/views/reportForms/index.vue	动态页(壳子路由,页面内容由后端JSON配置决定)
我的工作台（企业端） / 报表查询 / 业务数量及金额统计表	/procurementScheme/index.html#/reportForms/source	procurementScheme	/reportForms/:purchaseRepot	scm-vue-all-procurementscheme	scm-vue-all-procurementscheme/src/router/index.js:463	scm-vue-all-procurementscheme/src/views/reportForms/index.vue	动态页(壳子路由,页面内容由后端JSON配置决定)
我的工作台（企业端） / 报表查询 / 业务状态统计表	/procurementScheme/index.html#/reportForms/sourcePublish	procurementScheme	/reportForms/:purchaseRepot	scm-vue-all-procurementscheme	scm-vue-all-procurementscheme/src/router/index.js:463	scm-vue-all-procurementscheme/src/views/reportForms/index.vue	动态页(壳子路由,页面内容由后端JSON配置决定)
我的工作台（企业端） / 报表查询 / 业务的供应商参与个数统计表	/procurementScheme/index.html#/reportForms/sourceSupplier	procurementScheme	/reportForms/:purchaseRepot	scm-vue-all-procurementscheme	scm-vue-all-procurementscheme/src/router/index.js:463	scm-vue-all-procurementscheme/src/views/reportForms/index.vue	动态页(壳子路由,页面内容由后端JSON配置决定)
我的工作台（企业端） / 报表查询 / 供应商参与企业业务统计表	/procurementScheme/index.html#/reportForms/supplier	procurementScheme	/reportForms/:purchaseRepot	scm-vue-all-procurementscheme	scm-vue-all-procurementscheme/src/router/index.js:463	scm-vue-all-procurementscheme/src/views/reportForms/index.vue	动态页(壳子路由,页面内容由后端JSON配置决定)
我的工作台（企业端） / 报表查询 / 供应商参与企业业务统计表New	/procurementScheme/index.html#/dynamicReportPage/report/supplierNew	procurementScheme	/dynamicReportPage/:module/:type	scm-vue-all-procurementscheme	scm-vue-all-procurementscheme/src/router/index.js:656	scm-vue-all-procurementscheme/src/views/dynamicReportPage/index.vue	动态页(壳子路由,页面内容由后端JSON配置决定)
我的工作台（企业端） / 报表查询 / 供应商审核情况统计表	/procurementScheme/index.html#/supplierReportForms/srmApply	procurementScheme	/supplierReportForms/:purchaseRepot	scm-vue-all-procurementscheme	scm-vue-all-procurementscheme/src/router/index.js:475	scm-vue-all-procurementscheme/src/views/supplierReportForms/index.vue	动态页(壳子路由,页面内容由后端JSON配置决定)
我的工作台（企业端） / 报表查询 / 供应商审核情况统计表	/procurementScheme/index.html#/dynamicReportPage/report/srmApplynew	procurementScheme	/dynamicReportPage/:module/:type	scm-vue-all-procurementscheme	scm-vue-all-procurementscheme/src/router/index.js:656	scm-vue-all-procurementscheme/src/views/dynamicReportPage/index.vue	动态页(壳子路由,页面内容由后端JSON配置决定)
我的工作台（企业端） / 报表查询 / 内部协同订单报表	/productMgt/index.html#/nbxtOrderReport	productMgt	/nbxtOrderReport	scm-vue-all-productmgt	scm-vue-all-productmgt/src/router/index.js:563	scm-vue-all-productmgt/src/views/reportMgt/nbxtOrderReport/index.vue	
我的工作台（企业端） / 报表查询 / 历史价格对比统计表	/procurementScheme/index.html#/reportForms/sourceHistoryPrice	procurementScheme	/reportForms/:purchaseRepot	scm-vue-all-procurementscheme	scm-vue-all-procurementscheme/src/router/index.js:463	scm-vue-all-procurementscheme/src/views/reportForms/index.vue	动态页(壳子路由,页面内容由后端JSON配置决定)
我的工作台（企业端） / 报表查询 / 四家平台采购业务统计报表	/procurementScheme/index.html#/reportForms/sourceDc	procurementScheme	/reportForms/:purchaseRepot	scm-vue-all-procurementscheme	scm-vue-all-procurementscheme/src/router/index.js:463	scm-vue-all-procurementscheme/src/views/reportForms/index.vue	动态页(壳子路由,页面内容由后端JSON配置决定)
我的工作台（企业端） / 报表查询 / 国招平台信息报表	/procurementScheme/index.html#/reportForms/cebPub	procurementScheme	/reportForms/:purchaseRepot	scm-vue-all-procurementscheme	scm-vue-all-procurementscheme/src/router/index.js:463	scm-vue-all-procurementscheme/src/views/reportForms/index.vue	动态页(壳子路由,页面内容由后端JSON配置决定)
我的工作台（企业端） / 报表查询 / 地产集团供应商目录查询统计表	/enterprise/index.html#/supplierManger/mangerListDc	enterprise	/supplierManger/mangerListDc	scm-vue-all-emp	scm-vue-all-emp/src/router/index.js:23	scm-vue-all-emp/src/views/supplierManger/MangerListDc.vue	
我的工作台（企业端） / 报表查询 / 新入驻供应商参与业务统计表	/procurementScheme/index.html#/reportForms/sourceNewPartake	procurementScheme	/reportForms/:purchaseRepot	scm-vue-all-procurementscheme	scm-vue-all-procurementscheme/src/router/index.js:463	scm-vue-all-procurementscheme/src/views/reportForms/index.vue	动态页(壳子路由,页面内容由后端JSON配置决定)
我的工作台（企业端） / 报表查询 / 物料业务方式统计表	/procurementScheme/index.html#/reportForms/product	procurementScheme	/reportForms/:purchaseRepot	scm-vue-all-procurementscheme	scm-vue-all-procurementscheme/src/router/index.js:463	scm-vue-all-procurementscheme/src/views/reportForms/index.vue	动态页(壳子路由,页面内容由后端JSON配置决定)
我的工作台（企业端） / 报表查询 / 物料业务方式统计表New	/procurementScheme/index.html#/dynamicReportPage/report/productNew	procurementScheme	/dynamicReportPage/:module/:type	scm-vue-all-procurementscheme	scm-vue-all-procurementscheme/src/router/index.js:656	scm-vue-all-procurementscheme/src/views/dynamicReportPage/index.vue	动态页(壳子路由,页面内容由后端JSON配置决定)
我的工作台（企业端） / 报表查询 / 物料价格走势分析表	/procurementScheme/index.html#/dynamicPage/report/productPrice	procurementScheme	/dynamicPage/:module/:type	scm-vue-all-procurementscheme	scm-vue-all-procurementscheme/src/router/index.js:650	scm-vue-all-procurementscheme/src/views/dynamicPage/index.vue	动态页(壳子路由,页面内容由后端JSON配置决定)
我的工作台（企业端） / 报表查询 / 签约情况统计表	/procurementScheme/index.html#/reportForms/sourceSigning	procurementScheme	/reportForms/:purchaseRepot	scm-vue-all-procurementscheme	scm-vue-all-procurementscheme/src/router/index.js:463	scm-vue-all-procurementscheme/src/views/reportForms/index.vue	动态页(壳子路由,页面内容由后端JSON配置决定)
我的工作台（企业端） / 报表查询 / 采购公告期限分析表	/procurementScheme/index.html#/reportForms/sourceLimit	procurementScheme	/reportForms/:purchaseRepot	scm-vue-all-procurementscheme	scm-vue-all-procurementscheme/src/router/index.js:463	scm-vue-all-procurementscheme/src/views/reportForms/index.vue	动态页(壳子路由,页面内容由后端JSON配置决定)
我的工作台（企业端） / 报表查询 / 集采物资报表查询	/procurementScheme/index.html#/dynamicPage/report/collectionProduct	procurementScheme	/dynamicPage/:module/:type	scm-vue-all-procurementscheme	scm-vue-all-procurementscheme/src/router/index.js:650	scm-vue-all-procurementscheme/src/views/dynamicPage/index.vue	动态页(壳子路由,页面内容由后端JSON配置决定)
我的工作台（企业端） / 报表查询 / 集采管理业务统计报表	/procurementScheme/index.html#/reportForms/centralizedProcurement	procurementScheme	/reportForms/:purchaseRepot	scm-vue-all-procurementscheme	scm-vue-all-procurementscheme/src/router/index.js:463	scm-vue-all-procurementscheme/src/views/reportForms/index.vue	动态页(壳子路由,页面内容由后端JSON配置决定)
我的工作台（企业端） / 报表查询 / 非平台业务统计表	/procurementScheme/index.html#/reportForms/sourceFpt	procurementScheme	/reportForms/:purchaseRepot	scm-vue-all-procurementscheme	scm-vue-all-procurementscheme/src/router/index.js:463	scm-vue-all-procurementscheme/src/views/reportForms/index.vue	动态页(壳子路由,页面内容由后端JSON配置决定)
我的工作台（企业端） / 报表查询 / 高于历史价格采购统计表	/procurementScheme/index.html#/reportForms/resultHistoryPrice	procurementScheme	/reportForms/:purchaseRepot	scm-vue-all-procurementscheme	scm-vue-all-procurementscheme/src/router/index.js:463	scm-vue-all-procurementscheme/src/views/reportForms/index.vue	动态页(壳子路由,页面内容由后端JSON配置决定)
我的工作台（企业端） / 权限管理 / 企业用户管理	/ubm/index.html#/basicMgmt/employeeList	ubm	/basicMgmt/employeeList	scm-vue-all-ubm	scm-vue-all-ubm/src/router/index.js:251		
我的工作台（企业端） / 权限管理 / 岗位管理	/ubm/index.html#/basicMgmt/postMgt	ubm	/basicMgmt/postMgt	scm-vue-all-ubm	scm-vue-all-ubm/src/router/index.js:111	scm-vue-all-ubm/src/views/PostMgt/index.vue	
我的工作台（企业端） / 权限管理 / 用户信息管理	/ubm/index.html#/basicMgmt/userMgt	ubm	/basicMgmt/userMgt	scm-vue-all-ubm	scm-vue-all-ubm/src/router/index.js:140		
我的工作台（企业端） / 权限管理 / 用户权限管理	/ubm/index.html#/basicMgmt/orgPersonnel	ubm	/basicMgmt/orgPersonnel	scm-vue-all-ubm	scm-vue-all-ubm/src/router/index.js:99	scm-vue-all-ubm/src/views/orgPersonnel/index.vue	
我的工作台（企业端） / 权限管理 / 组织单元管理	/ubm/index.html#/basicMgmt/orgUnitMgt	ubm	/basicMgmt/orgUnitMgt	scm-vue-all-ubm	scm-vue-all-ubm/src/router/index.js:84	scm-vue-all-ubm/src/views/orgUnitMgt/index.vue	
我的工作台（企业端） / 权限管理 / 组织管理	/ubm/index.html#/basicMgmt/orgMgt	ubm	/basicMgmt/orgMgt	scm-vue-all-ubm	scm-vue-all-ubm/src/router/index.js:77	scm-vue-all-ubm/src/views/OrgMgt/index.vue	
我的工作台（企业端） / 权限管理 / 角色管理	/ubm/index.html#/basicMgmt/roleMgt	ubm	/basicMgmt/roleMgt	scm-vue-all-ubm	scm-vue-all-ubm/src/router/index.js:54		
我的工作台（企业端） / 系统配置 / 工厂管理	/mdm/index.html#/mdm/factoryMgt	mdm	/mdm/factoryMgt	scm-vue-all-mdm	scm-vue-all-mdm/src/router/index.js:27	scm-vue-all-mdm/src/views/factoryMgt/index.vue	
我的工作台（企业端） / 系统配置 / 数据字典	/ubm/index.html#/basicMgmt/dictionary	ubm	/basicMgmt/dictionary	scm-vue-all-ubm	scm-vue-all-ubm/src/router/index.js:134		
我的工作台（企业端） / 系统配置 / 物料管理	/mdm/index.html#/mdm/materialMgt	mdm	/mdm/materialMgt	scm-vue-all-mdm	scm-vue-all-mdm/src/router/index.js:21	scm-vue-all-mdm/src/views/materialMgt/index.vue	
我的工作台（企业端） / 系统配置 / 菜单管理	/ubm/index.html#/basicMgmt/menuMgt	ubm	/basicMgmt/menuMgt	scm-vue-all-ubm	scm-vue-all-ubm/src/router/index.js:16		
我的工作台（企业端） / 系统配置 / 资源管理	/ubm/index.html#/basicMgmt/resourceMgt	ubm	/basicMgmt/resourceMgt	scm-vue-all-ubm	scm-vue-all-ubm/src/router/index.js:23		
我的工作台（企业端） / 订单管理 / 订单管理	/purchase/index.html#/buyerCenter/myOrder	purchase	/buyerCenter/myOrder	scm-vue-all-order-purchase	scm-vue-all-order-purchase/src/router/index.js:113	scm-vue-all-order-purchase/src/views/order/index.vue	
我的工作台（企业端） / 运维中心 / 供应商MDM集成日志	/enterprise/index.html#/mdmLog	enterprise	/mdmLog	scm-vue-all-emp	scm-vue-all-emp/src/router/index.js:944	scm-vue-all-emp/src/views/errorLog/mdmLog/index.vue	
我的工作台（企业端） / 运维中心 / 供应商待审核列表	/opm/index.html#/supplierPendingReview	opm	/supplierPendingReview	scm-vue-all-opm	scm-vue-all-opm/src/router/index.js:15	scm-vue-all-opm/src/views/supplierPendingReview/index.vue	
我的工作台（企业端） / 运维中心 / 保证金日志管理	/procurementScheme/index.html#/marginLedger/log	procurementScheme	/marginLedger/log	scm-vue-all-procurementscheme	scm-vue-all-procurementscheme/src/router/index.js:638	scm-vue-all-procurementscheme/src/views/marginLedger/log.vue	
我的工作台（企业端） / 运维中心 / 操作日志	/expertMgt/index.html#/dynamicPage/oper/log	expertMgt	/dynamicPage/oper/log	scm-vue-all/scm-vue-expertMgt			本地前端仓没有这条路由：仓没克隆，或当前分支不含该页面；仓库是按名字猜的
我的工作台（企业端） / 运维中心 / 集采范围台账	/mdm/index.html#/mdm/procurementCatalogMgt	mdm	/mdm/procurementCatalogMgt	scm-vue-all-mdm	scm-vue-all-mdm/src/router/index.js:151		
我的工作台（企业端） / 采购寻源 / 保证金台账	/procurementScheme/index.html#/marginLedger	procurementScheme	/marginLedger	scm-vue-all-procurementscheme	scm-vue-all-procurementscheme/src/router/index.js:632	scm-vue-all-procurementscheme/src/views/marginLedger/index.vue	
我的工作台（企业端） / 采购寻源 / 公司统一入围供应商目录	/procurementScheme/index.html#/suppliter/directory	procurementScheme	/suppliter/directory	scm-vue-all-procurementscheme	scm-vue-all-procurementscheme/src/router/index.js:608	scm-vue-all-procurementscheme/src/views/suppliterEnter/directory/index.vue	
我的工作台（企业端） / 采购寻源 / 单一来源	/procurementScheme/index.html#/procurementSourcingProcessMgt/singleOrigin	procurementScheme	/procurementSourcingProcessMgt/singleOrigin	scm-vue-all-procurementscheme	scm-vue-all-procurementscheme/src/router/index.js:114	scm-vue-all-procurementscheme/src/views/procurementSourcingMgt/procurementSourcingProcessMgt/index.vue	
我的工作台（企业端） / 采购寻源 / 图表	/procurementScheme/index.html#/echartsMgt	procurementScheme	/echartsMgt	scm-vue-all-procurementscheme			本地前端仓没有这条路由：仓没克隆，或当前分支不含该页面
我的工作台（企业端） / 采购寻源 / 图表html	/procurementScheme/index.html#/echartsMgt/chart	procurementScheme	/echartsMgt/chart	scm-vue-all-procurementscheme			本地前端仓没有这条路由：仓没克隆，或当前分支不含该页面
我的工作台（企业端） / 采购寻源 / 招标管理	/procurementScheme/index.html#/procurementSourcingProcessMgt/biddingManagement	procurementScheme	/procurementSourcingProcessMgt/biddingManagement	scm-vue-all-procurementscheme	scm-vue-all-procurementscheme/src/router/index.js:94	scm-vue-all-procurementscheme/src/views/procurementSourcingMgt/procurementSourcingProcessMgt/index.vue	
我的工作台（企业端） / 采购寻源 / 竞争性磋商	/procurementScheme/index.html#/procurementSourcingProcessMgt/competitiveConversation	procurementScheme	/procurementSourcingProcessMgt/competitiveConversation	scm-vue-all-procurementscheme	scm-vue-all-procurementscheme/src/router/index.js:109	scm-vue-all-procurementscheme/src/views/procurementSourcingMgt/procurementSourcingProcessMgt/index.vue	
我的工作台（企业端） / 采购寻源 / 竞争性谈判	/procurementScheme/index.html#/procurementSourcingProcessMgt/competitiveNegotiation	procurementScheme	/procurementSourcingProcessMgt/competitiveNegotiation	scm-vue-all-procurementscheme	scm-vue-all-procurementscheme/src/router/index.js:104	scm-vue-all-procurementscheme/src/views/procurementSourcingMgt/procurementSourcingProcessMgt/index.vue	
我的工作台（企业端） / 采购寻源 / 竞价管理	/procurementScheme/index.html#/procurementSourcingProcessMgt/bidding	procurementScheme	/procurementSourcingProcessMgt/bidding	scm-vue-all-procurementscheme	scm-vue-all-procurementscheme/src/router/index.js:119	scm-vue-all-procurementscheme/src/views/procurementSourcingMgt/procurementSourcingProcessMgt/index.vue	
我的工作台（企业端） / 采购寻源 / 询价管理	/procurementScheme/index.html#/procurementSourcingProcessMgt/enquiryManagement	procurementScheme	/procurementSourcingProcessMgt/enquiryManagement	scm-vue-all-procurementscheme	scm-vue-all-procurementscheme/src/router/index.js:99	scm-vue-all-procurementscheme/src/views/procurementSourcingMgt/procurementSourcingProcessMgt/index.vue	
我的工作台（企业端） / 采购寻源 / 资格预审管理	/procurementScheme/index.html#/purchase/prequalificationManage	procurementScheme	/purchase/prequalificationManage	scm-vue-all-procurementscheme	scm-vue-all-procurementscheme/src/router/index.js:575	scm-vue-all-procurementscheme/src/views/prequalification/manage/index.vue	
我的工作台（企业端） / 采购寻源 / 资格预审编制	/procurementScheme/index.html#/purchase/prequalification	procurementScheme	/purchase/prequalification	scm-vue-all-procurementscheme	scm-vue-all-procurementscheme/src/router/index.js:560	scm-vue-all-procurementscheme/src/views/prequalification/index.vue	
我的工作台（企业端） / 采购寻源 / 采购方案维护	/procurementScheme/index.html#/procurementSchemeMgt/procurementMaintenanceScheme	procurementScheme	/procurementSchemeMgt/procurementMaintenanceScheme	scm-vue-all-procurementscheme	scm-vue-all-procurementscheme/src/router/index.js:69	scm-vue-all-procurementscheme/src/views/procurementSchemeMgt/procurementMaintenanceScheme/index.vue	
我的工作台（企业端） / 采购寻源 / 采购方案编制	/procurementScheme/index.html#/procurementSchemeMgt/procurementPlanPreparation	procurementScheme	/procurementSchemeMgt/procurementPlanPreparation	scm-vue-all-procurementscheme	scm-vue-all-procurementscheme/src/router/index.js:47	scm-vue-all-procurementscheme/src/views/procurementSchemeMgt/procurementPlanPreparation/index.vue	
我的工作台（企业端） / 采购寻源 / 非平台采购业务录入	/procurementScheme/index.html#/supplier/increasedList	procurementScheme	/supplier/increasedList	scm-vue-all-procurementscheme	scm-vue-all-procurementscheme/src/router/index.js:496	scm-vue-all-procurementscheme/src/views/supplier/index.vue	
我的工作台（企业端） / 采购寻源 / 非平台采购业务查询	/procurementScheme/index.html#/dynamicPage/source/fpt	procurementScheme	/dynamicPage/:module/:type	scm-vue-all-procurementscheme	scm-vue-all-procurementscheme/src/router/index.js:650	scm-vue-all-procurementscheme/src/views/dynamicPage/index.vue	动态页(壳子路由,页面内容由后端JSON配置决定)
我的工作台（企业端） / 采购计划 / 采购计划查询	/planMgt/index.html#/PurchasePlanQuery	planMgt	/PurchasePlanQuery	scm-vue-all-plan	scm-vue-all-plan/src/router/index.js:147	scm-vue-all-plan/src/views/PurchasePlanQuery/index.vue	
我的工作台（企业端） / 采购计划 / 采购计划编制	/planMgt/index.html#/purchasePlan/purchaseIndex	planMgt	/purchasePlan/purchaseIndex	scm-vue-all-app	scm-vue-all-app/src/router/index.js:164	scm-vue-all-app/src/views/allPlan/purchasePlan/index.vue	
我的工作台（企业端） / 采购计划 / 集采采购计划查询	/procurementScheme/index.html#/queryLedgerOfProcurementPlan	procurementScheme	/queryLedgerOfProcurementPlan	scm-vue-all-procurementscheme	scm-vue-all-procurementscheme/src/router/index.js:725	scm-vue-all-procurementscheme/src/views/queryLedgerOfProcurementPlan/index.vue	
我的工作台（企业端） / 集采业务管理台账 / 价格趋势维护	/procurementScheme/index.html#/businessManagementLedgerJC/maintenancePriceTrend	procurementScheme	/businessManagementLedgerJC/maintenancePriceTrend	scm-vue-all-procurementscheme			本地前端仓没有这条路由：仓没克隆，或当前分支不含该页面
我的工作台（企业端） / 集采业务管理台账 / 煤炭重点坑口日指标	/procurementScheme/index.html#/businessManagementLedgerJC/coalPitDailyIndicator	procurementScheme	/businessManagementLedgerJC/coalPitDailyIndicator	scm-vue-all-procurementscheme	scm-vue-all-procurementscheme/src/router/index.js:719	scm-vue-all-procurementscheme/src/views/businessManagementLedgerJC/coalPitDailyIndicator/index.vue	
我的工作台（企业端） / 集采业务管理台账 / 集采日计划统计台账	/procurementScheme/index.html#/businessManagementLedgerJC/dailyPlanStatisticsLedger	procurementScheme	/businessManagementLedgerJC/dailyPlanStatisticsLedger	scm-vue-all-procurementscheme			本地前端仓没有这条路由：仓没克隆，或当前分支不含该页面
我的工作台（企业端） / 集采业务管理台账 / 集采日金额统计台账	/procurementScheme/index.html#/businessManagementLedgerJC/dailyAmountStatisticsLedger	procurementScheme	/businessManagementLedgerJC/dailyAmountStatisticsLedger	scm-vue-all-procurementscheme			本地前端仓没有这条路由：仓没克隆，或当前分支不含该页面
我的工作台（供应商） / 中标管理 / 中标管理	/purchaseSupplier/index.html#/bargainPlanMgt/bargainPlanMgtList	purchaseSupplier	/bargainPlanMgt/bargainPlanMgtList	scm-vue-all-procurementscheme	scm-vue-all-procurementscheme/src/router/index.js:207	scm-vue-all-procurementscheme/src/views/bargainPlanMgt/bargainPlanMgtList/index.vue	
我的工作台（供应商） / 工作台	/supplierworkbench/index.html#/	supplierworkbench	/	scm-vue-all-supplier-workbench			
我的工作台（供应商） / 投标管理 / 投标管理	/purchaseSupplier/index.html#/procurementSourcingProcessMgt	purchaseSupplier	/procurementSourcingProcessMgt	scm-vue-all-purchasemgt-supplier	scm-vue-all-purchasemgt-supplier/src/router/index.js:14	scm-vue-all-purchasemgt-supplier/src/views/procurementSourcingProcessMgt/index.vue	
我的工作台（供应商） / 用户中心 / 个人信息变更	/userSupplier/index.html#/userSupplier/personalInfoMain	userSupplier	/userSupplier/personalInfoMain	scm-vue-all/scm-vue-user-supplier	scm-vue-all/scm-vue-user-supplier/src/router/index.js:15	scm-vue-all/scm-vue-user-supplier/src/views/personalInfoMain/index.vue	
我的工作台（供应商） / 用户中心 / 产品目录变更	/supplierMgt/index.html#/supplierInfo/changeProductDirectory	supplierMgt	/supplierInfo/changeProductDirectory	scm-vue-all-vmp	scm-vue-all-vmp/src/router/index.js:283	scm-vue-all-vmp/src/views/changeProductDirectory/index.vue	
我的工作台（供应商） / 用户中心 / 供应商整改反馈	/supplierMgt/index.html#/supplierRectification	supplierMgt	/supplierRectification	scm-vue-all-vmp	scm-vue-all-vmp/src/router/index.js:307	scm-vue-all-vmp/src/views/supplierRectification/index.vue	
我的工作台（供应商） / 用户中心 / 入网申请	/supplierMgt/index.html#/SupplierAccess/supplierApplyList	supplierMgt	/SupplierAccess/supplierApplyList	scm-vue-all-vmp	scm-vue-all-vmp/src/router/index.js:137	scm-vue-all-vmp/src/views/SupplierAccess/supplierApplyList/index.vue	
我的工作台（供应商） / 用户中心 / 公司档案信息	/supplierMgt/index.html#/supperInfo/supperDetailNew	supplierMgt	/supperInfo/supperDetailNew	scm-vue-all-vmp	scm-vue-all-vmp/src/router/index.js:37	scm-vue-all-vmp/src/views/SupplierAccess/formalApply/SupperDetail.vue	
我的工作台（供应商） / 用户中心 / 基本信息变更	/supplierMgt/index.html#/supplierInfo/changeBasicList	supplierMgt	/supplierInfo/changeBasicList	scm-vue-all-vmp	scm-vue-all-vmp/src/router/index.js:259	scm-vue-all-vmp/src/views/ChangeSupplierInfo/list.vue	
我的工作台（供应商） / 用户中心 / 子账户管理	/userSupplier/index.html#/userSupplier/bypassAccountMgt	userSupplier	/userSupplier/bypassAccountMgt	scm-vue-all/scm-vue-user-supplier	scm-vue-all/scm-vue-user-supplier/src/router/index.js:22	scm-vue-all/scm-vue-user-supplier/src/views/bypassAccountMgt/list.vue	
我的工作台（供应商） / 用户中心 / 扩充服务关系	/supplierMgt/index.html#/serviceRelationship	supplierMgt	/serviceRelationship	scm-vue-all-vmp	scm-vue-all-vmp/src/router/index.js:322	scm-vue-all-vmp/src/views/serviceRelationship/index.vue	
我的工作台（供应商） / 用户中心 / 集采采购计划	/supplierMgt/index.html#/queryLedgerOfProcurementPlanGYS	supplierMgt	/queryLedgerOfProcurementPlanGYS	scm-vue-all-vmp	scm-vue-all-vmp/src/router/index.js:349	scm-vue-all-vmp/src/views/queryLedgerOfProcurementPlanGYS/index.vue	
我的工作台（供应商） / 订单管理 / 订单列表	/supplierCenter/index.html#/sellerCenter/myOrder	supplierCenter	/sellerCenter/myOrder	scm-vue-all/scm-vue-order-supplier	scm-vue-all/scm-vue-order-supplier/src/router/index.js:66		
